user_id,name,email
1,Usuario_1,user1@movieflix.com
2,Usuario_2,user2@movieflix.com
3,Usuario_3,user3@movieflix.com
4,Usuario_4,user4@movieflix.com
5,Usuario_5,user5@movieflix.com
6,Usuario_6,user6@movieflix.com
7,Usuario_7,user7@movieflix.com
8,Usuario_8,user8@movieflix.com
9,Usuario_9,user9@movieflix.com
10,Usuario_10,user10@movieflix.com
11,Usuario_11,user11@movieflix.com
12,Usuario_12,user12@movieflix.com
13,Usuario_13,user13@movieflix.com
14,Usuario_14,user14@movieflix.com
15,Usuario_15,user15@movieflix.com
16,Usuario_16,user16@movieflix.com
17,Usuario_17,user17@movieflix.com
18,Usuario_18,user18@movieflix.com
19,Usuario_19,user19@movieflix.com
20,Usuario_20,user20@movieflix.com
